{
    "levelPrefabIndex": 2,
    "mapPos": {
        "x": 0.18000000715255738,
        "y": -0.07000000029802323
    },
    "goalPosition": {
        "x": -0.9599999785423279,
        "y": -1.25
    },
    "spawnDatas": [
        {
            "spawnPosition": {
                "x": -0.05400000140070915,
                "y": 1.4910000562667847
            },
            "ballPrefabIndex": 0,
            "ballCount": 5
        },
        {
            "spawnPosition": {
                "x": -0.05400000140070915,
                "y": 0.3610000014305115
            },
            "ballPrefabIndex": 1,
            "ballCount": 5
        }
    ],
    "ballToWin": 10,
    "pinDatas": [
        {
            "position": {
                "x": -2.4600000381469728,
                "y": -11.968000411987305
            },
            "rotation": 90.0
        },
        {
            "position": {
                "x": -2.4600000381469728,
                "y": -10.96500015258789
            },
            "rotation": 90.0
        }
    ]
}