{
    "levelPrefabIndex": 5,
    "mapPos": {
        "x": 0.22180920839309693,
        "y": -0.14444732666015626
    },
    "goalPosition": {
        "x": -0.9599999785423279,
        "y": -1.25
    },
    "spawnDatas": [
        {
            "spawnPosition": {
                "x": -0.8999999761581421,
                "y": 1.440000057220459
            },
            "ballPrefabIndex": 2,
            "ballCount": 1
        },
        {
            "spawnPosition": {
                "x": 0.5225106477737427,
                "y": 1.3860101699829102
            },
            "ballPrefabIndex": 0,
            "ballCount": 30
        }
    ],
    "ballToWin": 30,
    "pinDatas": [
        {
            "position": {
                "x": -8.420000076293946,
                "y": -7.510000228881836
            },
            "rotation": 53.50999450683594
        },
        {
            "position": {
                "x": 6.349999904632568,
                "y": -8.729999542236329
            },
            "rotation": 136.5
        }
    ]
}