{
    "levelPrefabIndex": 4,
    "mapPos": {
        "x": 0.21548588573932649,
        "y": -0.12766897678375245
    },
    "goalPosition": {
        "x": -0.9599999785423279,
        "y": -1.25
    },
    "spawnDatas": [
        {
            "spawnPosition": {
                "x": -0.061000000685453418,
                "y": 1.4299999475479127
            },
            "ballPrefabIndex": 2,
            "ballCount": 1
        },
        {
            "spawnPosition": {
                "x": -0.026313912123441697,
                "y": 0.5637516379356384
            },
            "ballPrefabIndex": 0,
            "ballCount": 12
        }
    ],
    "ballToWin": 12,
    "pinDatas": [
        {
            "position": {
                "x": -2.5299999713897707,
                "y": -10.829999923706055
            },
            "rotation": 90.0
        },
        {
            "position": {
                "x": -2.5299999713897707,
                "y": -11.819999694824219
            },
            "rotation": 90.0
        }
    ]
}