{
    "levelPrefabIndex": 1,
    "mapPos": {
        "x": 0.18000000715255738,
        "y": -0.07000000029802323
    },
    "goalPosition": {
        "x": -0.9599999785423279,
        "y": -0.9900000095367432
    },
    "spawnDatas": [
        {
            "spawnPosition": {
                "x": -0.05400000140070915,
                "y": 1.4910000562667847
            },
            "ballPrefabIndex": 0,
            "ballCount": 12
        }
    ],
    "ballToWin": 12,
    "pinDatas": [
        {
            "position": {
                "x": -2.4600000381469728,
                "y": -10.789999961853028
            },
            "rotation": 90.0
        }
    ]
}