{
    "levelPrefabIndex": 3,
    "mapPos": {
        "x": 0.20999999344348908,
        "y": -0.09000000357627869
    },
    "goalPosition": {
        "x": -0.9599999785423279,
        "y": -1.25
    },
    "spawnDatas": [
        {
            "spawnPosition": {
                "x": 0.46366560459136965,
                "y": 1.5575079917907715
            },
            "ballPrefabIndex": 0,
            "ballCount": 12
        },
        {
            "spawnPosition": {
                "x": -0.7789999842643738,
                "y": 1.3279999494552613
            },
            "ballPrefabIndex": 1,
            "ballCount": 12
        }
    ],
    "ballToWin": 24,
    "pinDatas": [
        {
            "position": {
                "x": -0.949999988079071,
                "y": -11.100000381469727
            },
            "rotation": 97.3699951171875
        },
        {
            "position": {
                "x": 11.899999618530274,
                "y": -1.2699999809265137
            },
            "rotation": 180.0
        },
        {
            "position": {
                "x": -13.199999809265137,
                "y": 3.680000066757202
            },
            "rotation": 0.0
        }
    ]
}